class,Count,Percentage
0,762,55.53935860058309
1,610,44.46064139941691
