Feature,p-value
variance,0.0000000000
skewness,0.0000000000
curtosis,0.0000000065
entropy,0.3859675717
